region,cases
AFR,0.0000535901280218626
AMR,0.000000619552931942788
EMR,0.0000331490536383321
EUR,0.0000283838801766461
SEAR,0.0000155180328538249
WPR,0.0000353991482020762
